id,titulo,ubicacion,tipo,categoria,precio_texto,status,created_at
21,"VENTA. Modelo Montecarlo","León, Gto, Zona Norte","Departamento","venta","$5,268,000","Disponible","2025-12-02T15:34:51.390852+00:00"
22,"VENTA. Modelo Londres","León, Gto. Zona Norte","Departamento","venta","$4,654,300","Disponible","2025-12-02T16:41:02.863313+00:00"
23,"VENTA. Modelo Milán","León, Gto. Zona Norte","Departamento","venta","$3,858,000","Disponible","2025-12-03T04:09:37.611582+00:00"
42,"VENTA ","VALLES DEL MOLINO B","Casa","venta","$5,600,000","Disponible","2025-12-10T20:36:25.45763+00:00"
43,"EDIFICIO EN VENTA ","Colonia CENTRO","Edificio","venta","$5,200,000","Disponible","2025-12-10T20:41:42.072144+00:00"
46,"NAVE EN VENTA","Mariano Escobedo ","Nave Industrial","venta","$27,000,000","Disponible","2025-12-10T20:56:16.436585+00:00"
47,"HECTÁREAS (7.25) EN VENTA ","COMANJA DE CORONA","Hectáreas","venta","$43,500,000","Disponible","2025-12-10T21:02:32.469757+00:00"
48,"TERRENO EN VENTA (5,404 m2)","Blvd. Querencia y 92 m","Terreno (m²)","venta","$30,000,000","Disponible","2025-12-10T21:05:42.535487+00:00"
49,"TERRENOS EN VENTA","VERGEL DE LA SIERRA","Terreno (m²)","venta","$1,800,000","Disponible","2025-12-10T21:10:25.231706+00:00"
50,"VENTA","EL BOSQUE COUNTRY CLUB","Casa","venta","$15,950,000","Disponible","2025-12-10T21:15:46.13023+00:00"
51,"VENTA","EL MAYORAZGO ","Casa","venta","$3,900,000","Disponible","2025-12-11T02:26:45.887601+00:00"
53,"Casa en VENTA con alberca","La Campiña","Casa","venta","$12,500,000","Disponible","2025-12-11T02:42:23.68457+00:00"
54,"Ubicada sobre Blvd. Principal ","El Mayorazgo ","Casa","venta","$3,490,000","Disponible","2025-12-11T02:47:41.433472+00:00"
55,"PREVENTA Mod. ENCINO","Villa Valbuena","Casa","venta","$2,928,000","Disponible","2025-12-13T03:57:19.305581+00:00"
56,"PREVENTA Mod. OLMO VILLA VALBUENA","León, Gto. Zona Norte Villa Valbuena","Casa","venta","$3,509,960","Disponible","2025-12-15T18:48:16.09891+00:00"
57,"RENTA","Residencial Rubí","Departamento","venta","$9,950","Disponible","2025-12-16T01:51:18.490228+00:00"
58,"PREVENTA. Mod. ALAMO","León, Gto. Zona Norte Villa Valbuena","Casa","venta","$3,018,000","Disponible","2025-12-17T04:43:12.050996+00:00"
59,"PREVENTA Mod. FRESNO VILLA VALBUENA","León, Gto. Zona norte. Villa Valbuena","Casa","venta","$3,061,810","Disponible","2025-12-20T18:52:16.61123+00:00"
60,"PREVENTA Mod. CIPRÉS VILLA VALBUENA","León, Gto. Zona Norte Villa Valbuena","Casa","venta","$2,853,960","Disponible","2025-12-20T19:10:38.927616+00:00"
61,"PREVENTA Mod. NOGAL VILLA VALBUENA ","León, Gto. Zona Norte Villa Valbuena","Casa","venta","$3,974,610","Disponible","2025-12-20T19:32:29.502687+00:00"
63,"Residencia Argentum ","La Valenciana, León, Gto ","Residencia","venta","$12,398,000","Disponible","2025-12-29T17:12:49.404538+00:00"
64,"CASA EN VENTA ","PORTAFONTANA ","Casa","venta","$9,500,000","Disponible","2026-01-22T17:31:58.040242+00:00"
66,"Departamento ","Adamant","Departamento","renta","$18,000","Disponible","2026-01-24T04:39:20.452516+00:00"
69,"PREVENTA ","Mayorca","Casa","venta","$4,950,000","Disponible","2026-01-24T05:38:41.352367+00:00"
70,"Casa en Villas La Valenciana","Villas La Valenciana ","Casa","venta","$5,888,000","Disponible","2026-01-29T23:58:51.528001+00:00"
71,"Casa en Villas La Valenciana al norte de León","Villas La Valenciana ","Casa","venta","$5,288,000","Disponible","2026-01-30T00:04:51.401503+00:00"
72,"Residencia en La Valenciana Residencial","La Valenciana Residencial","Residencia","venta","$12,398,000","Disponible","2026-01-30T00:38:31.920385+00:00"
74,"Casa en VENTA ","Cumbres de la Pradera, León Gto. ","Casa","venta","$2,350,000","Disponible","2026-02-03T17:00:50.853503+00:00"
75,"Casa en Venta ","Gran Jardín ","Casa","venta","$6,500,000","Disponible","2026-02-03T17:15:29.263955+00:00"
76,"Casa en Venta ZANDA.","León, Gto","Casa","venta","$5,700,000","Disponible","2026-02-03T17:36:28.904415+00:00"
78,"Casa en PREVENTA REAL DEL BOSQUE ","Real del bosque, León, Gto. ","Casa","venta","$3,200,000","Disponible","2026-02-03T17:56:28.401893+00:00"
80,"OFERTA Departamento en venta RESIDENCIAL RUBI ","Residencial Rubi, León,Gto","Departamento","venta","$1,450,000","Disponible","2026-02-03T18:10:58.923015+00:00"
81,"En venta MAYORKA ","MAYORKA León Gto zona este ","Casa","venta","$4,300,000","Disponible","2026-02-03T18:17:26.712483+00:00"
84,"Casa en VENTA SAN JORGE ","Zona sur. León, Gto. ","Casa","venta","$6,250,000","Disponible","2026-02-13T18:12:21.504212+00:00"
86,"Terreno en VENTA ","Guanajuato","Terreno (m²)","venta","$1,700,000","Disponible","2026-02-15T19:43:22.58688+00:00"
87,"Terreno Tzinacua","León ","Terreno (m²)","venta","$350,000","Disponible","2026-02-17T15:59:18.143339+00:00"
88,"casa San isidro","leon, gto","Casa","venta","$1,785,000","Disponible","2026-02-17T17:21:31.272085+00:00"
89,"Nave en VENTA (oficinas, bodegas) ","Mariano Escobedo","Nave Industrial","venta","$27,000,000","Disponible","2026-02-17T21:38:17.954869+00:00"
90,"CASA EN VENTA MAYORCA RESIDENCIAL","leon guanajuato","Casa","venta","$3,900,000","Disponible","2026-02-20T18:49:54.179547+00:00"
91,"Clinica Viure","Leon, Gto.","Clínica","venta","$20,000,000","Disponible","2026-02-20T23:35:10.484761+00:00"
92,"Terreno en VENTA, ubicado en Prolongación López Mateos ","León ","Terreno (m²)","venta","$3,000","Disponible","2026-02-22T20:31:07.28611+00:00"
93,"96 Hectáreas en VENTA, cerca de GM ","Silao","Terreno (m²)","venta","$900","Disponible","2026-02-22T22:38:19.171845+00:00"
94,"Casa la Campiña","Leon, Gto.","Casa","venta","$9,800,000","Disponible","2026-02-25T18:13:12.399383+00:00"
95,"TERRENO EN VENTA ","EL BOSQUE COUNTRY CLUB","Terreno habitacional","venta","$12,500","Disponible","2026-06-25T16:03:59.924984+00:00"
96,"TERRENO EN VENTA ","EL BOSQUE COUNTRY CLUB","Terreno habitacional","venta","$12,500","Disponible","2026-06-25T16:04:00.395656+00:00"
97,"NAVE EN VENTA","BLVD. MARIANO ESCOBEDO #424","Nave industrial","venta","$27,000,000","Disponible","2026-06-25T16:04:00.790543+00:00"
98,"CASA EN VENTA","LOMAS DE COMAJILLA","Residencia","venta","$16,900,000","Disponible","2026-06-25T16:04:01.243014+00:00"
99,"TERRENO EN VENTA ","EL MOLINO","Terreno mixto","venta","$18,000","Disponible","2026-06-25T16:04:01.688254+00:00"
101,"EJEMPLO","LEON","Dúplex","venta","$4,500,000","Exclusiva","2026-07-26T08:25:47.776936+00:00"
102,"Penthouse","moral","Departamento","exclusivo","$3,490,000","Disponible","2026-07-28T00:42:35.386694+00:00"
103,"Casa de una planta y departamento con entrada independiente","Avenida palenque #304, int. 14","Residencia","venta","$5,600,000","Disponible","2026-07-29T17:21:08.002521+00:00"
104,"Departamento con terraza y vista a área verde","Residencial Grand Valbuena","Departamento","venta","$5,098,000","Disponible","2026-07-29T17:32:18.331442+00:00"
105,"Departamento con vista a área verde y terraza","Residencial Grand Valbuena","Departamento","venta","$5,268,000","Disponible","2026-07-29T17:40:50.761059+00:00"
106,"Casa en PRVENTA, ¡Se el primero en estrenar!","Residencial Villa Valvuena","Casa en condominio","venta","$2,985,960","Disponible","2026-07-29T17:51:08.484119+00:00"
107,"Recinto para uso multiple comercial con áreas verdes","Carretera a Juventino Rosas","Salón de eventos","venta","$22,000,000","Disponible","2026-07-29T18:02:22.316016+00:00"
108,"Departamento con vista a parque metropolitano","Torre UNA BAY","Departamento","venta","$6,046,986","Disponible","2026-07-29T18:17:12.321415+00:00"
109,"Casa en fraccionamiento privado","Valle del Gigante","Casa en condominio","venta","$1,140,000","Disponible","2026-07-29T18:36:53.593806+00:00"
110,"CASA DE LUJO EN VENTA ","Cumbres del campestre ","Casa","venta","$38,000,000","Disponible","2026-08-02T01:27:19.518164+00:00"
111,"Casa en venta con acabados modernos","Valles del Molino B","Casa en condominio","venta","$5,600,000","Disponible","2026-08-02T05:33:46.566711+00:00"
112,"Casa en renta amueblada o sin amueblar con Jacuzzi ","La campiña del bosque ","Casa en condominio","renta","$45,000","Disponible","2026-08-02T05:50:02.429465+00:00"
113,"Hermoso Loft en renta","Torre Punta mayor ","Loft","renta","$15,800","Disponible","2026-08-02T05:58:49.208844+00:00"
114,"Hermosa casa en venta con jardín y árboles frutales","Gran jardín ","Casa en condominio","venta","$6,500,000","Disponible","2026-08-02T06:07:25.574119+00:00"
115,"Local comercial en venta en Hotel","Dentro de hotel Hotsson ","Local comercial","venta","$1,590,000","Disponible","2026-08-02T06:21:31.334192+00:00"
116,"Penthouse en venta con hermosas vistas ","La campiña del bosque ","Penthouse","venta","$5,290,000","Disponible","2026-08-02T06:48:50.107736+00:00"
117,"Casa amplia en renta con jardín privado ","El Molino Residencial ","Casa en condominio","renta","$35,000","Disponible","2026-08-02T07:06:03.007685+00:00"
118,"Casa amplia con estancias amplias, terraza y jardín ","Lomas de gran jardín ","Casa en condominio","venta","$9,200,000","Disponible","2026-08-02T07:19:25.268486+00:00"
119,"Cada en venta con estancias amplias y jardín privado","Punta del Este 2","Casa","venta","$5,000,000","Disponible","2026-08-02T07:33:17.122917+00:00"
120,"Casa en venta con amplias estancias y hermoso jardín privado","Gran jardín ","Casa en condominio","venta","$6,000,000","Disponible","2026-08-02T17:01:09.693542+00:00"
121,"Hermosa casa en venta con jardín privado y estancias amplias ","Gran jardín ","Casa en condominio","venta","$10,800,000","Disponible","2026-08-02T18:43:36.716388+00:00"